{
    "psnr_values": {
        "JPEG": [
            19.414875030517578,
            19.414875030517578,
            19.42132568359375,
            19.79046058654785,
            20.629701614379883,
            21.337112426757812,
            21.944971084594727,
            22.482690811157227,
            22.93419647216797,
            23.301345825195312,
            23.64547348022461,
            23.952747344970703,
            24.238521575927734,
            24.53612518310547,
            24.77914810180664,
            25.029050827026367,
            25.247676849365234,
            25.454835891723633,
            25.66675567626953,
            25.846330642700195,
            26.023174285888672,
            26.212427139282227,
            26.368024826049805,
            26.532743453979492,
            26.699331283569336,
            26.84137725830078,
            26.991918563842773,
            27.13921546936035,
            27.279624938964844,
            27.4020938873291,
            27.534412384033203,
            27.645122528076172,
            27.765169143676758,
            27.88701820373535,
            27.982637405395508,
            28.105491638183594,
            28.222061157226562,
            28.296966552734375,
            28.411067962646484,
            28.495691299438477
        ],
        "IMF - RGB": [
            14.094687461853027,
            17.36031723022461,
            18.770084381103516,
            20.344846725463867,
            21.16794204711914,
            22.46780014038086,
            23.133447647094727,
            23.905603408813477,
            24.35824966430664,
            25.049514770507812,
            25.433502197265625,
            26.010814666748047,
            26.3874454498291,
            26.83190155029297,
            27.161128997802734,
            27.560760498046875,
            27.83868408203125,
            28.30750274658203,
            28.561513900756836,
            28.922365188598633
        ],
        "IMF": [
            16.790342330932617,
            16.790342330932617,
            17.82476806640625,
            18.72206687927246,
            18.72206687927246,
            19.648738861083984,
            20.20049285888672,
            20.82608413696289,
            21.319217681884766,
            21.744020462036133,
            21.805194854736328,
            22.155899047851562,
            22.50922393798828,
            22.933740615844727,
            23.263671875,
            23.54330062866211,
            23.54330062866211,
            23.8253231048584,
            24.120561599731445,
            24.396745681762695
        ]
    },
    "ssim_values": {
        "JPEG": [
            0.558053126528896,
            0.558053126528896,
            0.5588106040770132,
            0.5855052059989566,
            0.624779416684366,
            0.6603616211002262,
            0.6882768186067075,
            0.7146023350701407,
            0.7335644011865302,
            0.7499532942077843,
            0.7636124399121839,
            0.7753066351770617,
            0.7860244404374969,
            0.7957673603472942,
            0.8036511249995528,
            0.8109454410804121,
            0.818320666821244,
            0.8247466912953345,
            0.8305233542071093,
            0.8359725505341196,
            0.8407689510388675,
            0.845941027383423,
            0.8499334521465008,
            0.8542117531474981,
            0.8578082079246175,
            0.8611484368702756,
            0.8646641906845515,
            0.8678504085936587,
            0.8711515736486692,
            0.8739338694897011,
            0.8767413193858006,
            0.8791071278735072,
            0.8817193706634671,
            0.8840941886280466,
            0.8856714642882255,
            0.8882107696762077,
            0.890556720147181,
            0.8918439302142148,
            0.8938427397614844,
            0.8952918565486053
        ],
        "IMF - RGB": [
            0.25367625781689185,
            0.39351757384825814,
            0.5222981294130876,
            0.6031252385494157,
            0.6577497605409857,
            0.7068319740562307,
            0.7378787871128362,
            0.7646356106425838,
            0.7812677439730615,
            0.8037982999435634,
            0.8139482967395425,
            0.8268334615424645,
            0.8363611578909326,
            0.8452529220359563,
            0.8523149578186621,
            0.859812954431296,
            0.8653488388905825,
            0.8752591682418073,
            0.8795411794645068,
            0.8852780093599346
        ],
        "IMF": [
            0.31104263479528255,
            0.31104263479528255,
            0.4196317901615178,
            0.49133682055783795,
            0.49133682055783795,
            0.5522701307111536,
            0.5935392138725034,
            0.6283349583689392,
            0.6526024379475882,
            0.6821006054508046,
            0.6841873011397906,
            0.6980489035509412,
            0.7120490572649634,
            0.7329183450619313,
            0.7444646539081852,
            0.7583071427859532,
            0.7583071427859532,
            0.7652714348733979,
            0.7739120613733226,
            0.7814099524407129
        ]
    },
    "bpps": {
        "JPEG": [
            0.24845377604166666,
            0.24845377604166666,
            0.2491455078125,
            0.2684122721354167,
            0.3046061197916667,
            0.34326171875,
            0.38250732421875,
            0.4189860026041667,
            0.4545491536458333,
            0.4891153971354167,
            0.5213826497395834,
            0.5548909505208334,
            0.5859171549479166,
            0.6177978515625,
            0.6465657552083334,
            0.6750081380208334,
            0.70501708984375,
            0.7322998046875,
            0.7604777018229166,
            0.7839762369791666,
            0.8068440755208334,
            0.8348592122395834,
            0.8587239583333334,
            0.8854777018229166,
            0.9098917643229166,
            0.9320271809895834,
            0.9556681315104166,
            0.9772542317708334,
            1.0010579427083333,
            1.0208536783854167,
            1.0419921875,
            1.0615234375,
            1.0830078125,
            1.1053059895833333,
            1.11993408203125,
            1.1435343424479167,
            1.1657307942708333,
            1.1776326497395833,
            1.2032470703125,
            1.2190144856770833
        ],
        "IMF - RGB": [
            0.03424072265625,
            0.13411458333333334,
            0.22157796223958334,
            0.33935546875,
            0.42047119140625,
            0.5631306966145834,
            0.636962890625,
            0.7614542643229166,
            0.8553263346354166,
            0.9574178059895834,
            1.0373331705729167,
            1.1460774739583333,
            1.22808837890625,
            1.3449910481770833,
            1.4235026041666667,
            1.526611328125,
            1.6096598307291667,
            1.7313639322916667,
            1.81365966796875,
            1.90478515625
        ],
        "IMF": [
            0.07373046875,
            0.07373046875,
            0.12379964192708333,
            0.168212890625,
            0.168212890625,
            0.2353515625,
            0.2748006184895833,
            0.33734130859375,
            0.3739827473958333,
            0.4156901041666667,
            0.4375813802083333,
            0.4810587565104167,
            0.5221354166666666,
            0.5884602864583334,
            0.65228271484375,
            0.6921590169270834,
            0.6921590169270834,
            0.7453816731770834,
            0.7889811197916666,
            0.856201171875
        ]
    }
}