{
    "psnr_values": {
        "JPEG": [
            19.414875030517578,
            19.414875030517578,
            19.42132568359375,
            19.79046058654785,
            20.629701614379883,
            21.337112426757812,
            21.944971084594727,
            22.482690811157227,
            22.9341983795166,
            23.301345825195312,
            23.64547348022461,
            23.952749252319336,
            24.238521575927734,
            24.53612518310547,
            24.77914810180664,
            25.029052734375,
            25.247676849365234,
            25.454833984375,
            25.66675567626953,
            25.846330642700195,
            26.023174285888672,
            26.212427139282227,
            26.368024826049805,
            26.532743453979492,
            26.699331283569336,
            26.84137725830078,
            26.991918563842773,
            27.13921546936035,
            27.279624938964844,
            27.4020938873291,
            27.53441047668457,
            27.645122528076172,
            27.765169143676758,
            27.88701820373535,
            27.982637405395508,
            28.105491638183594,
            28.222061157226562,
            28.296966552734375,
            28.411067962646484,
            28.495691299438477
        ],
        "IMF 5": [
            16.790342330932617,
            16.790342330932617,
            17.819238662719727,
            18.710628509521484,
            18.85683250427246,
            19.586069107055664,
            20.226842880249023,
            20.787410736083984,
            21.277507781982422,
            21.731693267822266,
            21.731693267822266,
            22.1024169921875,
            22.441913604736328,
            22.78995132446289,
            23.087360382080078,
            23.34001922607422,
            23.35434913635254,
            23.616371154785156,
            23.8707332611084,
            24.13437271118164
        ],
        "IMF": [
            16.790342330932617,
            16.790342330932617,
            17.82476806640625,
            18.72206687927246,
            18.907535552978516,
            19.648738861083984,
            20.253890991210938,
            20.82608413696289,
            21.319217681884766,
            21.805194854736328,
            21.805194854736328,
            22.206947326660156,
            22.56389808654785,
            22.933740615844727,
            23.263668060302734,
            23.54330062866211,
            23.560470581054688,
            23.8253231048584,
            24.140785217285156,
            24.396745681762695
        ]
    },
    "ssim_values": {
        "JPEG": [
            0.558053126528896,
            0.558053126528896,
            0.5588106040770132,
            0.5855052059989566,
            0.624779416684366,
            0.6603616211002262,
            0.6882768186067075,
            0.7146023350701407,
            0.7335644011865302,
            0.7499532942077843,
            0.7636124399121839,
            0.7753066351770617,
            0.7860244404374969,
            0.7957673603472942,
            0.8036511249995528,
            0.8109454410804121,
            0.818320666821244,
            0.8247466912953345,
            0.8305233542071093,
            0.8359725505341196,
            0.8407689510388675,
            0.845941027383423,
            0.8499334521465008,
            0.8542117531474981,
            0.8578082079246175,
            0.8611484368702756,
            0.8646641906845515,
            0.8678504085936587,
            0.8711515736486692,
            0.8739338694897011,
            0.8767413193858006,
            0.8791071278735072,
            0.8817193706634671,
            0.8840941886280466,
            0.8856714642882255,
            0.8882107696762077,
            0.890556720147181,
            0.8918439302142148,
            0.8938427397614844,
            0.8952918565486053
        ],
        "IMF 5": [
            0.31104263479528255,
            0.31104263479528255,
            0.4180938544303386,
            0.4889652660351304,
            0.49220381794701656,
            0.5484375492655583,
            0.5906850411341863,
            0.6239760133883481,
            0.6480705668736527,
            0.6780939145517171,
            0.6780939145517171,
            0.6940740250623366,
            0.7069370143776035,
            0.727627549000801,
            0.7386824857082983,
            0.7519797246615559,
            0.752243771438936,
            0.7594887658068327,
            0.766758468874793,
            0.7745614744881251
        ],
        "IMF": [
            0.31104263479528255,
            0.31104263479528255,
            0.4196317901615178,
            0.49133682055783795,
            0.4953806313421955,
            0.5522701307111536,
            0.5938627888795159,
            0.6283349583689392,
            0.6526024379475882,
            0.6841873011397906,
            0.6841873011397906,
            0.6993148656064996,
            0.7133157546401795,
            0.7329183450619313,
            0.7444646539081852,
            0.7583071427859532,
            0.7587339846643779,
            0.7652714348733979,
            0.7741267496972967,
            0.7814099524407129
        ]
    },
    "bpps": {
        "JPEG": [
            0.24845377604166666,
            0.24845377604166666,
            0.2491455078125,
            0.2684122721354167,
            0.3046061197916667,
            0.34326171875,
            0.38250732421875,
            0.4189860026041667,
            0.4545491536458333,
            0.4891153971354167,
            0.5213826497395834,
            0.5548909505208334,
            0.5859171549479166,
            0.6177978515625,
            0.6465657552083334,
            0.6750081380208334,
            0.70501708984375,
            0.7322998046875,
            0.7604777018229166,
            0.7839762369791666,
            0.8068440755208334,
            0.8348592122395834,
            0.8587239583333334,
            0.8854777018229166,
            0.9098917643229166,
            0.9320271809895834,
            0.9556681315104166,
            0.9772542317708334,
            1.0010579427083333,
            1.0208536783854167,
            1.0419921875,
            1.0615234375,
            1.0830078125,
            1.1053059895833333,
            1.11993408203125,
            1.1435343424479167,
            1.1657307942708333,
            1.1776326497395833,
            1.2032470703125,
            1.2190144856770833
        ],
        "IMF 5": [
            0.07373046875,
            0.07373046875,
            0.12141927083333333,
            0.16432698567708334,
            0.18682861328125,
            0.22670491536458334,
            0.2868448893229167,
            0.32391357421875,
            0.3583780924479167,
            0.4135945638020833,
            0.4135945638020833,
            0.4733479817708333,
            0.5088907877604166,
            0.5467732747395834,
            0.609130859375,
            0.6423543294270834,
            0.6597900390625,
            0.6944783528645834,
            0.7491048177083334,
            0.7899576822916666
        ],
        "IMF": [
            0.07373046875,
            0.07373046875,
            0.12379964192708333,
            0.168212890625,
            0.19260660807291666,
            0.2353515625,
            0.2976481119791667,
            0.33734130859375,
            0.3739827473958333,
            0.4375813802083333,
            0.4375813802083333,
            0.5031331380208334,
            0.5442097981770834,
            0.5884602864583334,
            0.65228271484375,
            0.6921590169270834,
            0.70849609375,
            0.7453816731770834,
            0.8097330729166666,
            0.856201171875
        ]
    },