{
    "psnr_values": {
        "IMF - RGB": [
            19.84979248046875,
            22.57631492614746,
            23.82076644897461,
            25.125017166137695,
            25.77495765686035,
            26.597496032714844,
            27.141754150390625,
            27.94965362548828,
            28.354171752929688,
            28.967430114746094,
            29.301912307739258,
            29.86396598815918,
            30.29811668395996,
            30.77796745300293,
            31.098522186279297,
            31.593713760375977,
            31.889328002929688,
            32.315067291259766,
            32.5777587890625,
            32.95524978637695
        ]
    },
    "ssim_values": {
        "IMF - RGB": [
            0.552954622873408,
            0.6186915368939742,
            0.6920233070221599,
            0.7388981532978928,
            0.7643336858350657,
            0.7937252524272892,
            0.8023433942218704,
            0.8310180433870071,
            0.837438008521978,
            0.8490458136240538,
            0.8546582585562726,
            0.8634453970221263,
            0.8715655285546822,
            0.8792666883559047,
            0.8831067644526017,
            0.8907838780154932,
            0.8940344437602185,
            0.8986898342668184,
            0.9008430272504868,
            0.9049071231622735
        ]
    },
    "bpps": {
        "IMF - RGB": [
            0.03399658203125,
            0.08819580078125,
            0.14906819661458334,
            0.24892171223958334,
            0.3032633463541667,
            0.4019775390625,
            0.4482828776041667,
            0.5255533854166666,
            0.578125,
            0.6620686848958334,
            0.7190755208333334,
            0.789794921875,
            0.8367513020833334,
            0.909423828125,
            0.9535725911458334,
            1.0395914713541667,
            1.0799967447916667,
            1.1644694010416667,
            1.2186686197916667,
            1.2806396484375
        ]
    }
}