{
    "psnr_values": {
        "JPEG": [
            20.689483642578125,
            20.689483642578125,
            20.690765380859375,
            20.90144920349121,
            21.892995834350586,
            23.419572830200195,
            24.245685577392578,
            24.932573318481445,
            25.407135009765625,
            25.76253890991211,
            26.144824981689453,
            26.49934959411621,
            26.826026916503906,
            27.180973052978516,
            27.41765022277832,
            27.633607864379883,
            27.835084915161133,
            28.011980056762695,
            28.24298095703125,
            28.41230010986328,
            28.582347869873047,
            28.76613998413086,
            28.890708923339844,
            29.04180335998535,
            29.17184829711914,
            29.292123794555664,
            29.40113067626953,
            29.52366065979004,
            29.636383056640625,
            29.734981536865234,
            29.849803924560547,
            29.93321418762207,
            30.034706115722656,
            30.153907775878906,
            30.23348045349121,
            30.33737564086914,
            30.437103271484375,
            30.496065139770508,
            30.59927749633789,
            30.664894104003906
        ],
        "SVD": [
            19.9874210357666,
            19.9874210357666,
            19.9874210357666,
            21.74403190612793,
            21.74403190612793,
            22.960269927978516,
            22.960269927978516,
            23.620746612548828,
            23.620746612548828,
            24.361417770385742,
            24.361417770385742,
            24.900230407714844,
            24.900230407714844,
            25.340473175048828,
            25.340473175048828,
            25.717546463012695,
            25.717546463012695,
            26.100830078125,
            26.100830078125,
            26.483871459960938
        ],
        "IMF": [
            21.170957565307617,
            21.170957565307617,
            22.20346450805664,
            22.74578857421875,
            23.197059631347656,
            23.84019660949707,
            24.404638290405273,
            24.77668571472168,
            25.305395126342773,
            25.713775634765625,
            25.713775634765625,
            26.0863037109375,
            26.399578094482422,
            26.661855697631836,
            26.94991111755371,
            27.20756721496582,
            27.227310180664062,
            27.494651794433594,
            27.74233055114746,
            27.930034637451172
        ]
    },
    "ssim_values": {
        "JPEG": [
            0.6070554050911077,
            0.6070554050911077,
            0.6071322306285313,
            0.6270871925491105,
            0.6641084686012099,
            0.7019435445257081,
            0.7252197081375659,
            0.7440806177575987,
            0.7617053635308598,
            0.7719696226054662,
            0.7841350129735895,
            0.7950303949561349,
            0.8055329530976266,
            0.8155097376374645,
            0.8222904288215377,
            0.8280895209336139,
            0.8334846549248042,
            0.838705021562307,
            0.8445509775294925,
            0.8488229086154528,
            0.8532199871104315,
            0.8565063222618673,
            0.8597401442796334,
            0.8629404549504341,
            0.8658140116161351,
            0.8684832508800108,
            0.8710203635799098,
            0.8736864280154055,
            0.8757434914810949,
            0.8776849872686118,
            0.8796588885001079,
            0.8812347481662118,
            0.883360520067371,
            0.8856651418384823,
            0.8868380195042763,
            0.8886792393166969,
            0.8909355557058607,
            0.8918800595471997,
            0.8935577425241519,
            0.8946390457068755
        ],
        "SVD": [
            0.5674729566528952,
            0.5674729566528952,
            0.5674729566528952,
            0.5772085302631464,
            0.5772085302631464,
            0.6531168855243729,
            0.6531168855243729,
            0.6853338960085607,
            0.6853338960085607,
            0.7294955335343317,
            0.7294955335343317,
            0.7583173611256683,
            0.7583173611256683,
            0.7785110140051668,
            0.7785110140051668,
            0.794981783414164,
            0.794981783414164,
            0.8073813644319118,
            0.8073813644319118,
            0.822677430926539
        ],
        "IMF": [
            0.5433387639746007,
            0.5433387639746007,
            0.6110217076329915,
            0.6395769186631611,
            0.645345824144461,
            0.6860153103819133,
            0.7144124974654419,
            0.7322863505866947,
            0.733694060829607,
            0.7493756346152008,
            0.7493756346152008,
            0.7607200180987647,
            0.7763659659714611,
            0.781438259717702,
            0.792837371737359,
            0.8029799957616676,
            0.8025081243774723,
            0.8126151906339777,
            0.8181809422516687,
            0.8232404391756628
        ]
    },
    "bpps": {
        "JPEG": [
            0.1722412109375,
            0.1722412109375,
            0.17226155598958334,
            0.18170166015625,
            0.20406087239583334,
            0.22652180989583334,
            0.24940999348958334,
            0.2722981770833333,
            0.29327392578125,
            0.3145345052083333,
            0.3354695638020833,
            0.3556925455729167,
            0.3755900065104167,
            0.39520263671875,
            0.4124552408854167,
            0.42999267578125,
            0.447265625,
            0.4639485677083333,
            0.4803263346354167,
            0.49493408203125,
            0.50958251953125,
            0.5259195963541666,
            0.5404052734375,
            0.5543009440104166,
            0.5679117838541666,
            0.580322265625,
            0.5938517252604166,
            0.6072998046875,
            0.6224772135416666,
            0.6334228515625,
            0.6465047200520834,
            0.6593831380208334,
            0.67266845703125,
            0.6863810221354166,
            0.6946004231770834,
            0.71038818359375,
            0.7241007486979166,
            0.731689453125,
            0.7459309895833334,
            0.7562052408854166
        ],
        "SVD": [
            0.10695393880208333,
            0.10695393880208333,
            0.10695393880208333,
            0.19219970703125,
            0.19219970703125,
            0.2490234375,
            0.2490234375,
            0.3151652018229167,
            0.3151652018229167,
            0.3946126302083333,
            0.3946126302083333,
            0.4701334635416667,
            0.4701334635416667,
            0.5463053385416666,
            0.5463053385416666,
            0.6211344401041666,
            0.6211344401041666,
            0.6800333658854166,
            0.6800333658854166,
            0.7541300455729166
        ],
        "IMF": [
            0.045756022135416664,
            0.045756022135416664,
            0.07464599609375,
            0.10117594401041667,
            0.12331136067708333,
            0.15273030598958334,
            0.19809977213541666,
            0.22418212890625,
            0.2592569986979167,
            0.3047892252604167,
            0.3047892252604167,
            0.3520711263020833,
            0.3860677083333333,
            0.4137369791666667,
            0.4483235677083333,
            0.4647623697916667,
            0.4835205078125,
            0.5116373697916666,
            0.5548502604166666,
            0.5801188151041666
        ]
    }
}