{
    "psnr_values": {
        "JPEG": [
            20.938785552978516,
            20.938785552978516,
            20.9421443939209,
            21.20387840270996,
            22.242565155029297,
            22.813283920288086,
            23.662330627441406,
            24.369707107543945,
            24.788570404052734,
            25.193164825439453,
            25.576047897338867,
            25.93072509765625,
            26.20749282836914,
            26.448869705200195,
            26.689184188842773,
            26.899410247802734,
            27.102638244628906,
            27.289628982543945,
            27.462541580200195,
            27.604873657226562
        ],
        "SVD": [
            18.070253372192383,
            18.070253372192383,
            18.070253372192383,
            19.760011672973633,
            20.36156463623047,
            20.36156463623047,
            20.95807647705078,
            20.95807647705078,
            21.39957618713379,
            21.616512298583984,
            21.616512298583984,
            21.8330020904541,
            22.021997451782227,
            22.021997451782227,
            22.170223236083984,
            22.309165954589844,
            22.309165954589844,
            22.444129943847656,
            22.580135345458984,
            22.580135345458984,
            22.711069107055664,
            22.711069107055664,
            22.845842361450195,
            22.975177764892578,
            22.975177764892578
        ],
        "IMF": [
            20.795564651489258,
            20.795564651489258,
            20.795564651489258,
            20.795564651489258,
            20.795564651489258,
            20.795564651489258,
            21.332929611206055,
            21.332929611206055,
            21.332929611206055,
            21.332929611206055,
            21.887683868408203,
            21.887683868408203,
            21.887683868408203,
            21.887683868408203,
            22.23308753967285,
            22.631855010986328,
            22.631855010986328,
            22.967350006103516,
            22.967350006103516,
            22.967350006103516,
            23.102949142456055,
            23.471778869628906,
            23.471778869628906,
            23.471778869628906,
            23.471778869628906
        ]
    },
    "ssim_values": {
        "JPEG": [
            0.5213374532907084,
            0.5213374532907084,
            0.5216407081483864,
            0.5443664744325715,
            0.606894116230058,
            0.6529291543962359,
            0.6810977563499296,
            0.7115287716732565,
            0.7356497591064507,
            0.7526262188320412,
            0.7681120576767763,
            0.7824941629889265,
            0.7944673404316314,
            0.8047869746779251,
            0.8133484754731795,
            0.8230136304366044,
            0.8306082193496884,
            0.8368009698652964,
            0.8430554335445587,
            0.8473305144451929
        ],
        "SVD": [
            0.46106093063922504,
            0.46106093063922504,
            0.46106093063922504,
            0.4757687476799792,
            0.5210341061236644,
            0.5210341061236644,
            0.5788893834272143,
            0.5788893834272143,
            0.600179310851062,
            0.6158735961069538,
            0.6158735961069538,
            0.6316630356236524,
            0.6464628542124641,
            0.6464628542124641,
            0.6576475345281115,
            0.6674865015279682,
            0.6674865015279682,
            0.678886754803446,
            0.6905071505668047,
            0.6905071505668047,
            0.6999621224231425,
            0.6999621224231425,
            0.7076363333695653,
            0.7199187845422524,
            0.7199187845422524
        ],
        "IMF": [
            0.4924726991023884,
            0.4924726991023884,
            0.4924726991023884,
            0.4924726991023884,
            0.4924726991023884,
            0.4924726991023884,
            0.5411299650573159,
            0.5411299650573159,
            0.5411299650573159,
            0.5411299650573159,
            0.5910412905111789,
            0.5910412905111789,
            0.5910412905111789,
            0.5910412905111789,
            0.6193511493717705,
            0.639775832255347,
            0.639775832255347,
            0.6582540974267965,
            0.6582540974267965,
            0.6582540974267965,
            0.6680332673562295,
            0.6873184398092845,
            0.6873184398092845,
            0.6873184398092845,
            0.6873184398092845
        ]
    },
    "bpps": {
        "JPEG": [
            0.17109947344322343,
            0.17109947344322343,
            0.17122538919413918,
            0.1831301510989011,
            0.2082474816849817,
            0.23561698717948718,
            0.26173592032967036,
            0.2865613553113553,
            0.3098157051282051,
            0.33246336996336995,
            0.35364869505494506,
            0.3739497481684982,
            0.3928886217948718,
            0.4128348214285714,
            0.42948145604395604,
            0.44725560897435895,
            0.4649296016483517,
            0.4812986492673993,
            0.49779647435897434,
            0.5120793269230769
        ],
        "SVD": [
            0.03161343864468864,
            0.03161343864468864,
            0.03161343864468864,
            0.05296474358974359,
            0.0790922619047619,
            0.0790922619047619,
            0.10283596611721611,
            0.10283596611721611,
            0.12563816391941393,
            0.14881524725274725,
            0.14881524725274725,
            0.17144001831501832,
            0.19427655677655678,
            0.19427655677655678,
            0.21567078754578756,
            0.23739983974358975,
            0.23739983974358975,
            0.25773523351648353,
            0.2787431318681319,
            0.2787431318681319,
            0.30135645604395606,
            0.30135645604395606,
            0.32328296703296705,
            0.34620535714285716,
            0.34620535714285716
        ],
        "IMF": [
            0.0532308836996337,
            0.0532308836996337,
            0.0532308836996337,
            0.0532308836996337,
            0.0532308836996337,
            0.0532308836996337,
            0.08904246794871795,
            0.08904246794871795,
            0.08904246794871795,
            0.08904246794871795,
            0.12433894230769231,
            0.12433894230769231,
            0.12433894230769231,
            0.12433894230769231,
            0.1482400412087912,
            0.17113953754578753,
            0.17113953754578753,
            0.1944253663003663,
            0.1944253663003663,
            0.1944253663003663,
            0.21395089285714286,
            0.23453811813186815,
            0.23453811813186815,
            0.23453811813186815,
            0.23453811813186815
        ]
    },
    "encode_time": {
        "JPEG": [
            91.34316444396973,
            117.65694618225098,
            108.42299461364746,
            107.22208023071289,
            106.97603225708008,
            109.69400405883789,
            109.24696922302246,
            108.93630981445312,
            109.80105400085449,
            109.20310020446777,
            109.8179817199707,
            109.95912551879883,
            107.53393173217773,
            109.07793045043945,
            108.48784446716309,
            109.61484909057617,
            108.14499855041504,
            109.02786254882812,
            109.64012145996094,
            112.29515075683594
        ],