{
    "psnr_values": {
        "JPEG": [
            23.3716983795166,
            23.3716983795166,
            23.37673568725586,
            23.614749908447266,
            24.786062240600586,
            25.79868507385254,
            26.55794906616211,
            27.130714416503906,
            27.62763214111328,
            28.14724349975586,
            28.5520076751709,
            28.89848518371582,
            29.239452362060547,
            29.606693267822266,
            29.850265502929688,
            30.177703857421875,
            30.389528274536133,
            30.73910903930664,
            30.935962677001953,
            31.077983856201172,
            31.36357879638672,
            31.547138214111328,
            31.677419662475586,
            31.826461791992188,
            32.07130813598633,
            32.20448303222656,
            32.34111404418945,
            32.46406173706055,
            32.5760612487793,
            32.668701171875,
            32.781036376953125,
            32.892642974853516,
            32.99451446533203,
            33.15442657470703,
            33.25162124633789,
            33.364688873291016,
            33.48478317260742,
            33.54060745239258,
            33.64929962158203,
            33.731353759765625
        ],
        "SVD": [
            20.965425491333008,
            22.006423950195312,
            23.51360321044922,
            24.60158348083496,
            25.41009521484375,
            25.973468780517578,
            26.5328369140625,
            27.01397705078125,
            27.473464965820312,
            27.877788543701172,
            28.229995727539062,
            28.554363250732422,
            28.87769889831543,
            29.160680770874023,
            29.434968948364258,
            29.700002670288086,
            29.941322326660156,
            30.168333053588867,
            30.391002655029297,
            30.61041831970215
        ],
        "IMF": [
            22.75666046142578,
            22.75666046142578,
            23.786848068237305,
            24.57794952392578,
            24.57794952392578,
            26.023895263671875,
            26.51439666748047,
            27.256938934326172,
            28.05668067932129,
            28.366336822509766,
            28.637617111206055,
            29.036235809326172,
            29.410385131835938,
            29.745849609375,
            30.069608688354492,
            30.329605102539062,
            30.329605102539062,
            30.617977142333984,
            30.81913948059082,
            31.053916931152344
        ]
    },
    "ssim_values": {
        "JPEG": [
            0.6737308271547121,
            0.6737308271547121,
            0.6737752048709874,
            0.6870025039604037,
            0.7211334397435256,
            0.7472210507411802,
            0.7719361917611662,
            0.7816995289072319,
            0.7903592648609843,
            0.804583601705009,
            0.8147373181472947,
            0.8208810467048178,
            0.8267894843782561,
            0.8343162882364608,
            0.8391303951880067,
            0.846131724635025,
            0.8509558015897382,
            0.8561129507704809,
            0.8602738647504552,
            0.8627870259584517,
            0.8675701231928277,
            0.8703274761196585,
            0.8732199035028763,
            0.8760304544263473,
            0.8800407482253824,
            0.8823426469375816,
            0.8844303910522244,
            0.8865838055306398,
            0.8887882656001267,
            0.8899952710732891,
            0.8921414899996832,
            0.8935355487617604,
            0.8950589817118857,
            0.8971307493166139,
            0.8980812937900043,
            0.8996686118915055,
            0.9009174200909004,
            0.9015233277914456,
            0.9032372942272469,
            0.9044202939271188
        ],
        "SVD": [
            0.6130244967577937,
            0.6100177576633453,
            0.6479477764803847,
            0.6903544356608863,
            0.7231530678562786,
            0.731271893460948,
            0.755959135960644,
            0.766910033619353,
            0.7819539427957389,
            0.7952644740558696,
            0.8036178983798704,
            0.8121765176075094,
            0.8206385237108466,
            0.8296818129244695,
            0.8362091010228662,
            0.842253141449886,
            0.8494710857446615,
            0.8542266902802683,
            0.8589326208123312,
            0.8631469389959903
        ],
        "IMF": [
            0.6316487223948252,
            0.6316487223948252,
            0.6668698378963613,
            0.7158764515474326,
            0.7158764515474326,
            0.727276900114262,
            0.7430828887406844,
            0.7690804601922111,
            0.7766623555064803,
            0.7901888098069952,
            0.7975122525556593,
            0.8087601707941006,
            0.8251290987896706,
            0.8286595750229457,
            0.8330312222224515,
            0.8408568714746014,
            0.8408568714746014,
            0.8460516478330482,
            0.8461962707385081,
            0.8516241873141465
        ]
    },
    "bpps": {
        "JPEG": [
            0.16432698567708334,
            0.16432698567708334,
            0.16436767578125,
            0.17124430338541666,
            0.18426513671875,
            0.19775390625,
            0.21138509114583334,
            0.22609456380208334,
            0.24015299479166666,
            0.2538655598958333,
            0.2668863932291667,
            0.2792154947916667,
            0.2912394205729167,
            0.3040568033854167,
            0.3144938151041667,
            0.3261922200520833,
            0.33740234375,
            0.34814453125,
            0.3596394856770833,
            0.3692830403645833,
            0.3787434895833333,
            0.3897908528645833,
            0.3999430338541667,
            0.4091593424479167,
            0.4187825520833333,
            0.4277140299479167,
            0.4366251627604167,
            0.4454752604166667,
            0.4552408854166667,
            0.46319580078125,
            0.4718424479166667,
            0.4800211588541667,
            0.4883015950520833,
            0.4981689453125,
            0.50341796875,
            0.513671875,
            0.52252197265625,
            0.5277913411458334,
            0.5380452473958334,
            0.5460205078125
        ],
        "SVD": [
            0.053629557291666664,
            0.07533772786458333,
            0.14329020182291666,
            0.209228515625,
            0.2734375,
            0.340087890625,
            0.4066975911458333,
            0.47235107421875,
            0.5374552408854166,
            0.6011962890625,
            0.6642252604166666,
            0.726806640625,
            0.7895100911458334,
            0.8509928385416666,
            0.9126180013020834,
            0.97393798828125,
            1.03515625,
            1.0960896809895833,
            1.1574910481770833,
            1.2174479166666667
        ],
        "IMF": [
            0.045979817708333336,
            0.045979817708333336,
            0.07065836588541667,
            0.0977783203125,
            0.0977783203125,
            0.13405354817708334,
            0.15920003255208334,
            0.19488525390625,
            0.23598225911458334,
            0.26116943359375,
            0.2697550455729167,
            0.3087158203125,
            0.3149617513020833,
            0.3572998046875,
            0.4171346028645833,
            0.4239908854166667,
            0.4239908854166667,
            0.4732462565104167,
            0.5045572916666666,
            0.52923583984375
        ]
    },