{
    "psnr_values": {
        "JPEG": [
            22.53297996520996,
            22.53297996520996,
            22.533710479736328,
            22.678974151611328,
            23.821582794189453,
            25.24336814880371,
            26.313674926757812,
            27.126977920532227,
            27.817581176757812,
            28.34770393371582,
            28.873424530029297,
            29.326000213623047,
            29.703168869018555,
            30.130271911621094,
            30.404550552368164,
            30.717485427856445,
            30.99307632446289,
            31.213701248168945,
            31.462547302246094,
            31.648841857910156,
            31.819499969482422,
            32.04734420776367,
            32.15562438964844,
            32.37401580810547,
            32.556968688964844,
            32.700340270996094,
            32.8565788269043,
            33.03154373168945,
            33.145843505859375,
            33.253170013427734,
            33.38290786743164,
            33.50407028198242,
            33.60347366333008,
            33.71729278564453,
            33.84040069580078,
            33.94005584716797,
            34.04423904418945,
            34.11627197265625,
            34.20271301269531,
            34.286338806152344
        ],
        "SVD": [
            17.90790367126465,
            17.90790367126465,
            17.90790367126465,
            21.468807220458984,
            21.468807220458984,
            25.24074935913086,
            25.24074935913086,
            26.23681640625,
            26.23681640625,
            27.244224548339844,
            27.244224548339844,
            27.964210510253906,
            27.964210510253906,
            28.447967529296875,
            28.447967529296875,
            28.957612991333008,
            28.957612991333008,
            29.4007568359375,
            29.4007568359375,
            29.882362365722656
        ],
        "IMF - RGB": [
            17.788928985595703,
            24.521150588989258,
            26.260517120361328,
            28.008342742919922,
            28.792064666748047,
            29.907075881958008,
            30.597660064697266,
            31.419677734375,
            31.896202087402344,
            32.52442169189453,
            32.94781494140625,
            33.408607482910156,
            33.75981521606445,
            34.25788879394531,
            34.53487777709961,
            34.90949249267578,
            35.13169479370117,
            35.44453811645508,
            35.61192321777344,
            35.94344711303711
        ],
        "IMF": [
            23.507625579833984,
            23.507625579833984,
            24.1359806060791,
            24.719886779785156,
            25.805072784423828,
            26.291963577270508,
            27.270477294921875,
            28.126314163208008,
            28.45281219482422,
            29.2781925201416,
            29.2781925201416,
            29.744144439697266,
            30.126262664794922,
            30.33722686767578,
            30.74789810180664,
            30.95829200744629,
            31.11707878112793,
            31.308433532714844,
            31.64779281616211,
            31.839019775390625
        ]
    },
    "ssim_values": {
        "JPEG": [
            0.6493224082855483,
            0.6493224082855483,
            0.6493118834197601,
            0.6576183193934436,
            0.6752004970514012,
            0.7079409012988923,
            0.7315260526269972,
            0.7502916564095633,
            0.7685198906350909,
            0.7808394513640744,
            0.7940274191015623,
            0.8056579585703728,
            0.8152960813901454,
            0.8246642672071408,
            0.8307720136350819,
            0.8386596127755285,
            0.8447083792189329,
            0.8502057753368346,
            0.8559440445973227,
            0.8589245859378115,
            0.8628954731170997,
            0.8677743226325004,
            0.8708037203488361,
            0.8748667692099884,
            0.8784359085084373,
            0.881157407194547,
            0.8839431028500925,
            0.8870132576930745,
            0.8890160943043489,
            0.890751467766973,
            0.893548578652589,
            0.8951748095322092,
            0.8971309710403564,
            0.8991972622465791,
            0.9006811385052717,
            0.9023736740085274,
            0.9047374561659315,
            0.9057610423056763,
            0.907154817546678,
            0.9083845760905763
        ],
        "SVD": [
            0.6941514032101962,
            0.6941514032101962,
            0.6941514032101962,
            0.7093682010161976,
            0.7093682010161976,
            0.7382770397745735,
            0.7382770397745735,
            0.7778109328170079,
            0.7778109328170079,
            0.8186714033262015,
            0.8186714033262015,
            0.8331282311019758,
            0.8331282311019758,
            0.843845376271607,
            0.843845376271607,
            0.8560610481730832,
            0.8560610481730832,
            0.868449335992302,
            0.868449335992302,
            0.8765329996055202
        ],
        "IMF - RGB": [
            0.6620148167047556,
            0.6729216362895469,
            0.7272668184836711,
            0.7737952110023798,
            0.7869242367181418,
            0.8178041248477811,
            0.8332784070915468,
            0.8475719814266846,
            0.8560531579208798,
            0.8683338025789409,
            0.8742913333125694,
            0.8795996007899755,
            0.8838763203674267,
            0.8914140202900028,
            0.8946842132294929,
            0.8983285916402423,
            0.900265821056799,
            0.9030653417655995,
            0.9055981832462884,
            0.9088546418658936
        ],
        "IMF": [
            0.6511507762198298,
            0.6511507762198298,
            0.6795023016289535,
            0.7090047859744907,
            0.7128976325881058,
            0.7253684388981659,
            0.7528282799646545,
            0.7871505143980011,
            0.7924500814275097,
            0.8128064295021428,
            0.8128064295021428,
            0.820699956174001,
            0.8348072940283505,
            0.8361065239429494,
            0.839456126663111,
            0.84213051280379,
            0.8441739277708135,
            0.8468290854329604,
            0.8536583930327906,
            0.856384704516132
        ]
    },
    "bpps": {
        "JPEG": [
            0.15909830729166666,
            0.15909830729166666,
            0.1590576171875,
            0.16341145833333334,
            0.17378743489583334,
            0.18408203125,
            0.1954345703125,
            0.20589192708333334,
            0.21604410807291666,
            0.22688802083333334,
            0.23677571614583334,
            0.24709065755208334,
            0.2569173177083333,
            0.26824951171875,
            0.2777506510416667,
            0.2875569661458333,
            0.29736328125,
            0.3075764973958333,
            0.3169352213541667,
            0.3253173828125,
            0.3342081705729167,
            0.3432820638020833,
            0.3525797526041667,
            0.3612874348958333,
            0.3703206380208333,
            0.37847900390625,
            0.3873291015625,
            0.39581298828125,
            0.4055379231770833,
            0.4114176432291667,
            0.4195149739583333,
            0.4269816080729167,
            0.4344482421875,
            0.4436848958333333,
            0.4493408203125,
            0.4589029947916667,
            0.46746826171875,
            0.472900390625,
            0.4825642903645833,
            0.4892781575520833
        ],