{
    "psnr_values": {
        "JPEG": [
            22.53297996520996,
            22.53297996520996,
            22.533710479736328,
            22.678974151611328,
            23.821582794189453,
            25.24336814880371,
            26.313674926757812,
            27.126977920532227,
            27.817581176757812,
            28.34770393371582,
            28.873424530029297,
            29.326000213623047,
            29.703168869018555,
            30.130271911621094,
            30.404550552368164,
            30.717485427856445,
            30.99307632446289,
            31.213701248168945,
            31.462547302246094,
            31.648841857910156,
            31.819499969482422,
            32.04734420776367,
            32.15562438964844,
            32.37401580810547,
            32.556968688964844,
            32.700340270996094,
            32.8565788269043,
            33.03154373168945,
            33.145843505859375,
            33.253170013427734,
            33.38290786743164,
            33.50407028198242,
            33.60347366333008,
            33.71729278564453,
            33.84040069580078,
            33.94005584716797,
            34.04423904418945,
            34.11627197265625,
            34.20271301269531,
            34.286338806152344
        ],
        "SVD": [
            17.483848571777344,
            20.363502502441406,
            23.96314239501953,
            25.375673294067383,
            26.172142028808594,
            26.782991409301758,
            27.300302505493164,
            27.80170249938965,
            28.270706176757812,
            28.67667007446289,
            29.077835083007812,
            29.4400577545166,
            29.792539596557617,
            30.119625091552734,
            30.428991317749023,
            30.73070526123047,
            31.01266860961914,
            31.29014015197754,
            31.55875015258789,
            31.80088233947754
        ],
        "IMF": [
            23.507625579833984,
            23.507625579833984,
            24.1359806060791,
            24.719886779785156,
            24.719886779785156,
            26.291963577270508,
            26.58911895751953,
            28.126314163208008,
            28.45281219482422,
            28.75503158569336,
            29.2781925201416,
            29.543970108032227,
            29.90829086303711,
            30.33722686767578,
            30.74789810180664,
            30.95829200744629,
            30.95829200744629,
            31.308433532714844,
            31.553810119628906,
            31.839019775390625
        ]
    },
    "ssim_values": {
        "JPEG": [
            0.6493224082855483,
            0.6493224082855483,
            0.6493118834197601,
            0.6576183193934436,
            0.6752004970514012,
            0.7079409012988923,
            0.7315260526269972,
            0.7502916564095633,
            0.7685198906350909,
            0.7808394513640744,
            0.7940274191015623,
            0.8056579585703728,
            0.8152960813901454,
            0.8246642672071408,
            0.8307720136350819,
            0.8386596127755285,
            0.8447083792189329,
            0.8502057753368346,
            0.8559440445973227,
            0.8589245859378115,
            0.8628954731170997,
            0.8677743226325004,
            0.8708037203488361,
            0.8748667692099884,
            0.8784359085084373,
            0.881157407194547,
            0.8839431028500925,
            0.8870132576930745,
            0.8890160943043489,
            0.890751467766973,
            0.893548578652589,
            0.8951748095322092,
            0.8971309710403564,
            0.8991972622465791,
            0.9006811385052717,
            0.9023736740085274,
            0.9047374561659315,
            0.9057610423056763,
            0.907154817546678,
            0.9083845760905763
        ],
        "SVD": [
            0.6351991957834279,
            0.6400536470230772,
            0.7069465045073354,
            0.7473946271133544,
            0.7674652268313276,
            0.785290778892044,
            0.7959887992347804,
            0.8079470830127818,
            0.8227177847518247,
            0.8304633307670884,
            0.8372999090477836,
            0.8444172398113556,
            0.8520649985563352,
            0.8587473690400523,
            0.8636783926145642,
            0.869380658975449,
            0.8732015940178428,
            0.8765899064615869,
            0.8809765944529607,
            0.8843773370572876
        ],
        "IMF": [
            0.6511507762198298,
            0.6511507762198298,
            0.6795023016289535,
            0.7090047859744907,
            0.7090047859744907,
            0.7253684388981659,
            0.7324998720353667,
            0.7871505143980011,
            0.7924500814275097,
            0.8001025078484697,
            0.8128064295021428,
            0.8166400692724208,
            0.8307923306104136,
            0.8361065239429494,
            0.839456126663111,
            0.84213051280379,
            0.84213051280379,
            0.8468290854329604,
            0.851297612112444,
            0.856384704516132
        ]
    },
    "bpps": {
        "JPEG": [
            0.15909830729166666,
            0.15909830729166666,
            0.1590576171875,
            0.16341145833333334,
            0.17378743489583334,
            0.18408203125,
            0.1954345703125,
            0.20589192708333334,
            0.21604410807291666,
            0.22688802083333334,
            0.23677571614583334,
            0.24709065755208334,
            0.2569173177083333,
            0.26824951171875,
            0.2777506510416667,
            0.2875569661458333,
            0.29736328125,
            0.3075764973958333,
            0.3169352213541667,
            0.3253173828125,
            0.3342081705729167,
            0.3432820638020833,
            0.3525797526041667,
            0.3612874348958333,
            0.3703206380208333,
            0.37847900390625,
            0.3873291015625,
            0.39581298828125,
            0.4055379231770833,
            0.4114176432291667,
            0.4195149739583333,
            0.4269816080729167,
            0.4344482421875,
            0.4436848958333333,
            0.4493408203125,
            0.4589029947916667,
            0.46746826171875,
            0.472900390625,
            0.4825642903645833,
            0.4892781575520833
        ],
        "SVD": [
            0.048685709635416664,
            0.07206217447916667,
            0.14103190104166666,
            0.21187337239583334,
            0.2745768229166667,
            0.3418986002604167,
            0.3995361328125,
            0.4626261393229167,
            0.5274251302083334,
            0.5840861002604166,
            0.6442667643229166,
            0.7065633138020834,
            0.76751708984375,
            0.8271891276041666,
            0.8863321940104166,
            0.9459025065104166,
            1.0027669270833333,
            1.0591227213541667,
            1.1164754231770833,
            1.17236328125
        ],
        "IMF": [
            0.061543782552083336,
            0.061543782552083336,
            0.09165445963541667,
            0.12811279296875,
            0.12811279296875,
            0.16743977864583334,
            0.1873779296875,
            0.251708984375,
            0.2681884765625,
            0.30303955078125,
            0.32684326171875,
            0.34326171875,
            0.3513590494791667,
            0.3988444010416667,
            0.42742919921875,
            0.4582316080729167,
            0.4582316080729167,
            0.4794514973958333,
            0.501708984375,
            0.558349609375
        ]
    },