{
    "psnr_values": {
        "JPEG": [
            22.65785026550293,
            22.65785026550293,
            22.65812873840332,
            22.721750259399414,
            25.103973388671875,
            26.472627639770508,
            27.730224609375,
            29.035655975341797,
            30.057525634765625,
            30.750925064086914,
            30.816442489624023,
            31.567628860473633,
            32.053199768066406,
            32.53194808959961,
            32.83360290527344,
            33.01728820800781,
            33.08388137817383,
            33.387062072753906,
            33.807979583740234,
            33.897029876708984
        ],
        "SVD": [
            20.722156524658203,
            20.722156524658203,
            20.722156524658203,
            25.147724151611328,
            26.41144561767578,
            26.41144561767578,
            27.711524963378906,
            27.711524963378906,
            29.064048767089844,
            29.67308235168457,
            29.67308235168457,
            30.26968765258789,
            30.807191848754883,
            30.807191848754883,
            31.1788387298584,
            31.561702728271484,
            31.561702728271484,
            31.968114852905273,
            32.37638473510742,
            32.37638473510742,
            32.687774658203125,
            32.687774658203125,
            32.97123718261719,
            33.23171615600586,
            33.23171615600586
        ],
        "IMF": [
            26.495054244995117,
            26.495054244995117,
            26.495054244995117,
            26.495054244995117,
            26.495054244995117,
            26.495054244995117,
            27.178218841552734,
            27.178218841552734,
            27.178218841552734,
            27.178218841552734,
            27.801151275634766,
            27.801151275634766,
            27.801151275634766,
            27.801151275634766,
            27.981836318969727,
            29.385440826416016,
            29.385440826416016,
            30.833499908447266,
            30.833499908447266,
            30.833499908447266,
            31.627578735351562,
            31.88412857055664,
            31.88412857055664,
            31.88412857055664,
            31.88412857055664
        ]
    },
    "ssim_values": {
        "JPEG": [
            0.784631395280822,
            0.784631395280822,
            0.7846456204464903,
            0.7880083204178693,
            0.8155857912620671,
            0.8326059854073264,
            0.8444821178076151,
            0.8669037438643313,
            0.8743402178363405,
            0.8824097062774826,
            0.8859564491379249,
            0.8929050711396197,
            0.897773364127951,
            0.903594611019538,
            0.9058316156750751,
            0.9100445407954106,
            0.9140222821739211,
            0.9157235228215851,
            0.9196558392341316,
            0.9223188786574457
        ],
        "SVD": [
            0.7859392906211858,
            0.7859392906211858,
            0.7859392906211858,
            0.8498359267670207,
            0.85112194316405,
            0.85112194316405,
            0.8733994694916843,
            0.8733994694916843,
            0.8900548641381798,
            0.8977934316664401,
            0.8977934316664401,
            0.9061913981978312,
            0.9118828438692429,
            0.9118828438692429,
            0.9170391388956074,
            0.9225223799005549,
            0.9225223799005549,
            0.9266657280832176,
            0.9309409337297038,
            0.9309409337297038,
            0.9340206310425337,
            0.9340206310425337,
            0.9366088571272218,
            0.9386814401321458,
            0.9386814401321458
        ],
        "IMF": [
            0.8175065633110415,
            0.8175065633110415,
            0.8175065633110415,
            0.8175065633110415,
            0.8175065633110415,
            0.8175065633110415,
            0.8360883918049377,
            0.8360883918049377,
            0.8360883918049377,
            0.8360883918049377,
            0.8481748371021988,
            0.8481748371021988,
            0.8481748371021988,
            0.8481748371021988,
            0.8520918567907746,
            0.8537441998382719,
            0.8537441998382719,
            0.8740424217954863,
            0.8740424217954863,
            0.8740424217954863,
            0.878267335477345,
            0.8807499352593805,
            0.8807499352593805,
            0.8807499352593805,
            0.8807499352593805
        ]
    },
    "bpps": {
        "JPEG": [
            0.13729311448427212,
            0.13729311448427212,
            0.13730740215801024,
            0.13916194220921727,
            0.14317106346013167,
            0.1480174423920995,
            0.15282095830285297,
            0.15699295903438185,
            0.16175646945866862,
            0.166522837417703,
            0.17137207388441844,
            0.1763784747622531,
            0.18102482626188734,
            0.18606266002194588,
            0.19056327724945135,
            0.19509246982443307,
            0.20008744056327724,
            0.20440231803218728,
            0.20892865307242137,
            0.2125862975493782
        ],
        "SVD": [
            0.02484912216532553,
            0.02484912216532553,
            0.02484912216532553,
            0.040719870153621066,
            0.057779352596927576,
            0.057779352596927576,
            0.07190700438917337,
            0.07190700438917337,
            0.08572318489392831,
            0.09835634601316752,
            0.09835634601316752,
            0.11364129937820044,
            0.12678310168251647,
            0.12678310168251647,
            0.1417280084125823,
            0.15713012070226773,
            0.15713012070226773,
            0.17022334491587418,
            0.18352516916605707,
            0.18352516916605707,
            0.19602688368690563,
            0.19602688368690563,
            0.20805138990490124,
            0.22214475128017558,
            0.22214475128017558
        ],
        "IMF": [
            0.03035844915874177,
            0.03035844915874177,
            0.03035844915874177,
            0.03035844915874177,
            0.03035844915874177,
            0.03035844915874177,
            0.04443752286027798,
            0.04443752286027798,
            0.04443752286027798,
            0.04443752286027798,
            0.05906524323335772,
            0.05906524323335772,
            0.05906524323335772,
            0.05906524323335772,
            0.06941809162399415,
            0.08609180687637162,
            0.08609180687637162,
            0.11303550201170447,
            0.11303550201170447,
            0.11303550201170447,
            0.12589155084125822,
            0.13541571415508413,
            0.13541571415508413,
            0.13541571415508413,
            0.13541571415508413
        ]
    },
    "encode_time": {
        "JPEG": [
            101.73702239990234,
            182.85298347473145,
            109.59696769714355,
            107.22684860229492,
            107.45024681091309,
            107.93423652648926,
            105.12161254882812,
            109.77888107299805,
            107.30600357055664,
            106.80389404296875,
            110.89324951171875,
            107.72490501403809,
            107.21588134765625,
            110.15582084655762,
            109.60602760314941,
            109.65800285339355,
            114.01987075805664,
            109.40957069396973,
            107.26809501647949,
            110.54491996765137
        ],