{
    "psnr_values": {
        "JPEG": [
            22.65785026550293,
            22.65785026550293,
            22.65812873840332,
            22.721750259399414,
            25.103973388671875,
            26.472627639770508,
            27.730224609375,
            29.035655975341797,
            30.057525634765625,
            30.750925064086914,
            30.816442489624023,
            31.567628860473633,
            32.053199768066406,
            32.53194808959961,
            32.83360290527344,
            33.01728820800781,
            33.08388137817383,
            33.387062072753906,
            33.807979583740234,
            33.897029876708984,
            34.469940185546875,
            34.72673416137695,
            34.840606689453125,
            34.90953826904297,
            34.88262939453125,
            35.3272705078125,
            35.2610969543457,
            35.72114181518555,
            35.826202392578125,
            35.857173919677734,
            35.944339752197266,
            36.178192138671875,
            36.261714935302734,
            36.483924865722656,
            36.53876876831055,
            36.66282272338867,
            36.715824127197266,
            36.77029800415039,
            36.893714904785156,
            36.92131805419922
        ],
        "SVD": [
            21.22195816040039,
            21.22195816040039,
            21.22195816040039,
            26.851329803466797,
            26.851329803466797,
            29.291446685791016,
            29.291446685791016,
            30.58829116821289,
            30.58829116821289,
            32.44890594482422,
            32.44890594482422,
            33.066001892089844,
            33.066001892089844,
            33.66604995727539,
            33.66604995727539,
            34.10597229003906,
            34.10597229003906,
            34.581111907958984,
            34.581111907958984,
            35.03955841064453
        ],
        "IMF": [
            26.54014778137207,
            26.54014778137207,
            27.233016967773438,
            27.86424446105957,
            29.218433380126953,
            29.470298767089844,
            31.738800048828125,
            32.00238037109375,
            32.39589309692383,
            33.4526252746582,
            33.4526252746582,
            33.9481315612793,
            34.097293853759766,
            34.27901840209961,
            34.61830139160156,
            34.86039733886719,
            35.154090881347656,
            35.350311279296875,
            35.78374099731445,
            35.77932357788086
        ]
    },
    "ssim_values": {
        "JPEG": [
            0.784631395280822,
            0.784631395280822,
            0.7846456204464903,
            0.7880083204178693,
            0.8155857912620671,
            0.8326059854073264,
            0.8444821178076151,
            0.8669037438643313,
            0.8743402178363405,
            0.8824097062774826,
            0.8859564491379249,
            0.8929050711396197,
            0.897773364127951,
            0.903594611019538,
            0.9058316156750751,
            0.9100445407954106,
            0.9140222821739211,
            0.9157235228215851,
            0.9196558392341316,
            0.9223188786574457,
            0.9255309835271323,
            0.9279823068098193,
            0.9297943590583274,
            0.9315483420194629,
            0.9329865513849053,
            0.9351302296581934,
            0.9356039353737042,
            0.9387913290160709,
            0.9402099162707218,
            0.9405686221260917,
            0.9422200484854745,
            0.9432763538032942,
            0.9442569674610533,
            0.9448856669410141,
            0.945458449090013,
            0.9473853262251667,
            0.9485288411639559,
            0.949011673166568,
            0.9497372006367367,
            0.9504762008568631
        ],
        "SVD": [
            0.8184568327275351,
            0.8184568327275351,
            0.8184568327275351,
            0.8860560238264713,
            0.8860560238264713,
            0.8934370226857097,
            0.8934370226857097,
            0.9126271228138588,
            0.9126271228138588,
            0.9303467230700481,
            0.9303467230700481,
            0.9377587746966594,
            0.9377587746966594,
            0.9426830017615258,
            0.9426830017615258,
            0.9427329107906838,
            0.9427329107906838,
            0.9487506141014578,
            0.9487506141014578,
            0.9542029497733543
        ],
        "IMF": [
            0.8192124572464502,
            0.8192124572464502,
            0.8383354519487303,
            0.8504753092868551,
            0.854160293028635,
            0.8581089210591021,
            0.8820260861424482,
            0.8844975644627021,
            0.8970918396290085,
            0.9093593878852545,
            0.9093593878852545,
            0.9140694012163105,
            0.9126022759466564,
            0.9166818344473812,
            0.9174771437079743,
            0.9240158497519836,
            0.9278107478651796,
            0.9327753526589269,
            0.9375099620228634,
            0.9332279217296847
        ]
    },
    "bpps": {
        "JPEG": [
            0.13729311448427212,
            0.13729311448427212,
            0.13730740215801024,
            0.13916194220921727,
            0.14317106346013167,
            0.1480174423920995,
            0.15282095830285297,
            0.15699295903438185,
            0.16175646945866862,
            0.166522837417703,
            0.17137207388441844,
            0.1763784747622531,
            0.18102482626188734,
            0.18606266002194588,
            0.19056327724945135,
            0.19509246982443307,
            0.20008744056327724,
            0.20440231803218728,
            0.20892865307242137,
            0.2125862975493782,
            0.2165811311265545,
            0.22081885515727873,
            0.22527660936356986,
            0.22966292520117046,
            0.23408067392099488,
            0.23782118690563278,
            0.24221893288222385,
            0.24599945135332846,
            0.2506972384784199,
            0.2537290828456474,
            0.2578153575347476,
            0.26185305413313825,
            0.2652792382955377,
            0.27111146671543523,
            0.2734203547915143,
            0.27813528712509145,
            0.28196438368690563,
            0.2845818855157279,
            0.2896568672275055,
            0.29349739392831015
        ],
        "SVD": [
            0.08029672640819312,
            0.08029672640819312,
            0.08029672640819312,
            0.12307116404535479,
            0.12307116404535479,
            0.19000320043891733,
            0.19000320043891733,
            0.1938008641185077,
            0.1938008641185077,
            0.24167028621068032,
            0.24167028621068032,
            0.2714686585588881,
            0.2714686585588881,
            0.3150517785296269,
            0.3150517785296269,
            0.37169668983174836,
            0.37169668983174836,
            0.4156227139722019,
            0.4156227139722019,
            0.4611032370153621
        ],
        "IMF": [
            0.02729802944403804,
            0.02729802944403804,
            0.04023694678127286,
            0.05196426938551573,
            0.06623479791514265,
            0.07487026792245793,
            0.10760618599122165,
            0.115310099670812,
            0.1263573290051207,
            0.1557670766276518,
            0.1557670766276518,
            0.16415679864667154,
            0.18439100219458668,
            0.19258069678127285,
            0.1952496342355523,
            0.2128291880029261,
            0.2152238021214338,
            0.22434505303584493,
            0.24751965983906365,
            0.2676195592538405
        ]
    }
}