{
    "psnr_values": {
        "JPEG": [
            21.87505340576172,
            21.87505340576172,
            21.876537322998047,
            22.18947982788086,
            23.244226455688477,
            24.311521530151367,
            25.277359008789062,
            26.1054630279541,
            26.76724624633789,
            27.26845932006836,
            27.714738845825195,
            28.08445167541504,
            28.42043113708496,
            28.8177490234375,
            29.06680679321289,
            29.403841018676758,
            29.671152114868164,
            30.024263381958008,
            30.25522232055664,
            30.44814109802246,
            30.667287826538086,
            30.84894561767578,
            30.99114418029785,
            31.173831939697266,
            31.35446548461914,
            31.44759750366211,
            31.6164608001709,
            31.77094268798828,
            31.881671905517578,
            32.00855255126953,
            32.119049072265625,
            32.207027435302734,
            32.32875442504883,
            32.439002990722656,
            32.551387786865234,
            32.671932220458984,
            32.796539306640625,
            32.86673355102539,
            32.963436126708984,
            33.047603607177734
        ],
        "SVD": [
            19.863697052001953,
            20.710676193237305,
            22.312320709228516,
            23.44331932067871,
            24.42838478088379,
            25.355480194091797,
            25.933013916015625,
            26.45208168029785,
            26.915246963500977,
            27.335845947265625,
            27.716123580932617,
            28.06291961669922,
            28.381122589111328,
            28.676963806152344,
            28.969322204589844,
            29.24797821044922,
            29.51770782470703,
            29.772048950195312,
            30.01641082763672,
            30.2425594329834
        ],
        "IMF": [
            21.843158721923828,
            21.843158721923828,
            23.037813186645508,
            23.89106559753418,
            23.89106559753418,
            25.466602325439453,
            25.934188842773438,
            26.80116844177246,
            27.4693603515625,
            27.81686019897461,
            28.11988067626953,
            28.527048110961914,
            28.77885627746582,
            29.146129608154297,
            29.596118927001953,
            29.867786407470703,
            29.867786407470703,
            30.18150520324707,
            30.353166580200195,
            30.73026466369629
        ]
    },
    "ssim_values": {
        "JPEG": [
            0.6465446287672282,
            0.6465446287672282,
            0.646620992795884,
            0.6702603246977444,
            0.7121201830428241,
            0.7398110847371102,
            0.7672308466393144,
            0.7845427809491191,
            0.8033808926249953,
            0.8154458826173104,
            0.8251553583477462,
            0.8336869563539043,
            0.8425679783297678,
            0.8509608718969162,
            0.8571737189132801,
            0.8635800643107477,
            0.8705755660024996,
            0.8761841651713227,
            0.881053605528347,
            0.8850808810122026,
            0.8889691175905906,
            0.8921792916905348,
            0.8948139718385018,
            0.8976184931061502,
            0.9005774651700166,
            0.9018445108529428,
            0.9045654376433884,
            0.907221021630324,
            0.9091026479536156,
            0.9105610905364889,
            0.9124441780979061,
            0.9136852428450225,
            0.9154169569458276,
            0.9172713016451581,
            0.9180169728963893,
            0.9197836338525446,
            0.9217688393858983,
            0.9223437955207752,
            0.923585706594073,
            0.9249651860903368
        ],
        "SVD": [
            0.496123548208206,
            0.49989397539065933,
            0.5712263111015489,
            0.6623280923276613,
            0.693094184666215,
            0.7337373835643355,
            0.7607058832707461,
            0.784403588410735,
            0.7974489849221132,
            0.8129319466686834,
            0.8246552936437128,
            0.8352554505627409,
            0.8426181725183112,
            0.8501969743832086,
            0.8581763607574026,
            0.8657857130071539,
            0.8724820423432167,
            0.8778659274452116,
            0.8826973539588496,
            0.8875322855482537
        ],
        "IMF": [
            0.5505656444021648,
            0.5505656444021648,
            0.6538767499446171,
            0.7045257558335251,
            0.7045257558335251,
            0.745083474486405,
            0.7651094673144015,
            0.783360986127979,
            0.7983235882425338,
            0.808921952745609,
            0.8148109345101391,
            0.8289603837563222,
            0.8338516672428181,
            0.8404754644034558,
            0.8518130085073796,
            0.8616999653304728,
            0.8616999653304728,
            0.8670565482708484,
            0.8686709416058768,
            0.8752659092839145
        ]
    },
    "bpps": {
        "JPEG": [
            0.17110188802083334,
            0.17110188802083334,
            0.17118326822916666,
            0.1807861328125,
            0.1995849609375,
            0.22049967447916666,
            0.2393798828125,
            0.2576700846354167,
            0.2757771809895833,
            0.2932535807291667,
            0.310302734375,
            0.3280843098958333,
            0.3447469075520833,
            0.3609619140625,
            0.3743693033854167,
            0.38909912109375,
            0.40350341796875,
            0.4170328776041667,
            0.43109130859375,
            0.4426066080729167,
            0.4541829427083333,
            0.467529296875,
            0.4791666666666667,
            0.4910074869791667,
            0.5029093424479166,
            0.51361083984375,
            0.52410888671875,
            0.5354817708333334,
            0.5479532877604166,
            0.55706787109375,
            0.5688680013020834,
            0.57928466796875,
            0.5897623697916666,
            0.601806640625,
            0.6088460286458334,
            0.6220499674479166,
            0.63330078125,
            0.6402791341145834,
            0.6528116861979166,
            0.66107177734375
        ],
        "SVD": [
            0.050638834635416664,
            0.07965087890625,
            0.15384928385416666,
            0.22908528645833334,
            0.3053792317708333,
            0.3808186848958333,
            0.4537150065104167,
            0.52532958984375,
            0.5965169270833334,
            0.6667277018229166,
            0.7367757161458334,
            0.8060302734375,
            0.8743693033854166,
            0.9423828125,
            1.0102335611979167,
            1.0775349934895833,
            1.1443277994791667,
            1.21099853515625,
            1.27716064453125,
            1.3427327473958333
        ],
        "IMF": [
            0.058207194010416664,
            0.058207194010416664,
            0.09529622395833333,
            0.12969970703125,
            0.12969970703125,
            0.18027750651041666,
            0.21366373697916666,
            0.27154541015625,
            0.31201171875,
            0.3519287109375,
            0.3703816731770833,
            0.4049072265625,
            0.4358723958333333,
            0.4766031901041667,
            0.537841796875,
            0.5411783854166666,
            0.5411783854166666,
            0.5871988932291666,
            0.6231689453125,
            0.67559814453125
        ]
    },