{
    "psnr_values": {
        "JPEG": [
            21.492698669433594,
            21.492698669433594,
            21.496810913085938,
            21.691669464111328,
            23.001401901245117,
            24.26996421813965,
            24.944875717163086,
            25.509559631347656,
            25.98741340637207,
            26.42462730407715,
            26.845420837402344,
            27.189483642578125,
            27.53516960144043,
            27.877485275268555,
            28.097610473632812,
            28.364032745361328,
            28.588064193725586,
            28.803014755249023,
            29.023801803588867,
            29.177570343017578,
            29.33648109436035,
            29.52544403076172,
            29.67192840576172,
            29.830581665039062,
            29.963706970214844,
            30.10259246826172,
            30.216690063476562,
            30.36918830871582,
            30.47412872314453,
            30.58094024658203,
            30.69202423095703,
            30.79585075378418,
            30.897762298583984,
            31.01100730895996,
            31.108827590942383,
            31.215438842773438,
            31.325321197509766,
            31.383041381835938,
            31.486207962036133,
            31.559764862060547
        ],
        "SVD": [
            20.39590835571289,
            20.39590835571289,
            20.39590835571289,
            21.53956413269043,
            21.53956413269043,
            22.460487365722656,
            22.460487365722656,
            23.253801345825195,
            23.253801345825195,
            24.14748191833496,
            24.14748191833496,
            24.813329696655273,
            24.813329696655273,
            25.443172454833984,
            25.443172454833984,
            25.969669342041016,
            25.969669342041016,
            26.520374298095703,
            26.520374298095703,
            26.94180679321289
        ],
        "IMF - RGB": [
            20.266332626342773,
            22.16616439819336,
            23.684925079345703,
            25.401914596557617,
            26.32388687133789,
            27.2413272857666,
            27.795564651489258,
            28.607158660888672,
            29.1061954498291,
            29.77215576171875,
            30.129024505615234,
            30.680225372314453,
            31.007766723632812,
            31.550403594970703,
            31.885414123535156,
            32.320228576660156,
            32.582889556884766,
            32.96263122558594,
            33.180362701416016,
            33.5482177734375
        ],
        "IMF": [
            21.013643264770508,
            21.013643264770508,
            21.796110153198242,
            22.446060180664062,
            22.90471839904785,
            23.69593048095703,
            24.32675552368164,
            24.86018943786621,
            25.283891677856445,
            25.802156448364258,
            25.802156448364258,
            26.192197799682617,
            26.85240936279297,
            27.203807830810547,
            27.465728759765625,
            27.707847595214844,
            27.726621627807617,
            27.98031997680664,
            28.256446838378906,
            28.541736602783203
        ]
    },
    "ssim_values": {
        "JPEG": [
            0.5852018465520136,
            0.5852018465520136,
            0.5854445887083585,
            0.5959662747758289,
            0.6189963811316089,
            0.6514919477569182,
            0.6732175121962526,
            0.691787736095081,
            0.7103127545437692,
            0.7267081225057939,
            0.7426017297064959,
            0.7557482085440025,
            0.7679980053260919,
            0.7795946387481032,
            0.787754106974112,
            0.7971098101680418,
            0.8038930081234067,
            0.8111455140187954,
            0.8175758695975732,
            0.8221821539452115,
            0.8274264145327054,
            0.8322067502900431,
            0.836631897852188,
            0.8411209074586186,
            0.8453462567559852,
            0.8486070278511382,
            0.8519862929719687,
            0.8552158847554828,
            0.8584555196602288,
            0.8609018538011348,
            0.8638212533963694,
            0.8660946460659597,
            0.8683623898016627,
            0.8708832466835746,
            0.8724695890607106,
            0.8749832134731385,
            0.8772696879900824,
            0.8784578757534963,
            0.8808852922371567,
            0.8823590223541059
        ],
        "SVD": [
            0.537266835731457,
            0.537266835731457,
            0.537266835731457,
            0.5444192340981477,
            0.5444192340981477,
            0.5943510568533275,
            0.5943510568533275,
            0.6548241271512971,
            0.6548241271512971,
            0.6892765115402241,
            0.6892765115402241,
            0.7123002793152575,
            0.7123002793152575,
            0.7487912114170198,
            0.7487912114170198,
            0.7724547513736981,
            0.7724547513736981,
            0.7855190604809481,
            0.7855190604809481,
            0.7955320454735125
        ],
        "IMF - RGB": [
            0.5084982360779472,
            0.5490002728492659,
            0.6290675588319541,
            0.7009493328028991,
            0.7308094634814256,
            0.7627496987773191,
            0.7878731694713154,
            0.8011896774952071,
            0.8130812202881579,
            0.8282691813450361,
            0.837090691627623,
            0.8498096359887487,
            0.8570998536726121,
            0.8687136618732824,
            0.8759573561387898,
            0.8843547794236283,
            0.8890969513578271,
            0.894627122474447,
            0.8981068436559347,
            0.9050159964519988
        ],
        "IMF": [
            0.49827255690421296,
            0.49827255690421296,
            0.5383375090678209,
            0.5866391453609375,
            0.5923027458524959,
            0.6209843660119564,
            0.6404079261863919,
            0.6721395341436148,
            0.6920735384665117,
            0.704145748494898,
            0.704145748494898,
            0.7137401444559396,
            0.7360018815449868,
            0.7528838496282427,
            0.7613139354058333,
            0.7684068530149406,
            0.7681545641140005,
            0.7760946114037571,
            0.7824313360101823,
            0.7896030516500959
        ]
    },
    "bpps": {
        "JPEG": [
            0.18204752604166666,
            0.18204752604166666,
            0.18218994140625,
            0.18878173828125,
            0.20245361328125,
            0.21913655598958334,
            0.23592122395833334,
            0.2544759114583333,
            0.2719319661458333,
            0.2921142578125,
            0.3100992838541667,
            0.32879638671875,
            0.34722900390625,
            0.3663126627604167,
            0.38311767578125,
            0.4014485677083333,
            0.4183553059895833,
            0.4351806640625,
            0.4521891276041667,
            0.4672648111979167,
            0.4819539388020833,
            0.4992268880208333,
            0.5143636067708334,
            0.5301310221354166,
            0.5452067057291666,
            0.55938720703125,
            0.5741170247395834,
            0.5880940755208334,
            0.60296630859375,
            0.6156005859375,
            0.6289469401041666,
            0.6416219075520834,
            0.6546223958333334,
            0.6688232421875,
            0.6773478190104166,
            0.6942952473958334,
            0.7084147135416666,
            0.7162272135416666,
            0.73193359375,
            0.7422281901041666
        ],