{
    "psnr_values": {
        "JPEG": [
            21.492698669433594,
            21.492698669433594,
            21.496810913085938,
            21.691669464111328,
            23.001401901245117,
            24.26996421813965,
            24.944875717163086,
            25.509559631347656,
            25.98741340637207,
            26.42462730407715,
            26.845420837402344,
            27.189483642578125,
            27.53516960144043,
            27.877485275268555,
            28.097610473632812,
            28.364032745361328,
            28.588064193725586,
            28.803014755249023,
            29.023801803588867,
            29.177570343017578
        ],
        "SVD": [
            19.368783950805664,
            19.368783950805664,
            19.368783950805664,
            20.21908187866211,
            20.950090408325195,
            20.950090408325195,
            21.615201950073242,
            21.615201950073242,
            22.11113739013672,
            22.45120620727539,
            22.45120620727539,
            22.78925323486328,
            23.136127471923828,
            23.136127471923828,
            23.480457305908203,
            23.748493194580078,
            23.748493194580078,
            24.006546020507812,
            24.245336532592773,
            24.245336532592773,
            24.486820220947266,
            24.486820220947266,
            24.72794532775879,
            24.944446563720703,
            24.944446563720703
        ],
        "IMF": [
            21.013643264770508,
            21.013643264770508,
            21.013643264770508,
            21.013643264770508,
            21.013643264770508,
            21.013643264770508,
            21.796110153198242,
            21.796110153198242,
            21.796110153198242,
            21.796110153198242,
            22.446060180664062,
            22.446060180664062,
            22.446060180664062,
            22.446060180664062,
            23.151241302490234,
            23.69593048095703,
            23.69593048095703,
            24.2703800201416,
            24.2703800201416,
            24.2703800201416,
            24.32675552368164,
            24.86018943786621,
            24.86018943786621,
            24.86018943786621,
            24.86018943786621
        ]
    },
    "ssim_values": {
        "JPEG": [
            0.5852018465520136,
            0.5852018465520136,
            0.5854445887083585,
            0.5959662747758289,
            0.6189963811316089,
            0.6514919477569182,
            0.6732175121962526,
            0.691787736095081,
            0.7103127545437692,
            0.7267081225057939,
            0.7426017297064959,
            0.7557482085440025,
            0.7679980053260919,
            0.7795946387481032,
            0.787754106974112,
            0.7971098101680418,
            0.8038930081234067,
            0.8111455140187954,
            0.8175758695975732,
            0.8221821539452115
        ],
        "SVD": [
            0.47660281083692996,
            0.47660281083692996,
            0.47660281083692996,
            0.48263171791958026,
            0.5182094793633195,
            0.5182094793633195,
            0.5448866993073397,
            0.5448866993073397,
            0.564034356192879,
            0.5834439520644127,
            0.5834439520644127,
            0.6019341049277634,
            0.619655823793701,
            0.619655823793701,
            0.6328658889351487,
            0.6427061855815048,
            0.6427061855815048,
            0.6543182112534319,
            0.6687304843408963,
            0.6687304843408963,
            0.6824968398392605,
            0.6824968398392605,
            0.6912750227537471,
            0.7040141128153152,
            0.7040141128153152
        ],
        "IMF": [
            0.49827255690421296,
            0.49827255690421296,
            0.49827255690421296,
            0.49827255690421296,
            0.49827255690421296,
            0.49827255690421296,
            0.5383375090678209,
            0.5383375090678209,
            0.5383375090678209,
            0.5383375090678209,
            0.5866391453609375,
            0.5866391453609375,
            0.5866391453609375,
            0.5866391453609375,
            0.615200019892487,
            0.6209843660119564,
            0.6209843660119564,
            0.6396820827715297,
            0.6396820827715297,
            0.6396820827715297,
            0.6404079261863919,
            0.6721395341436148,
            0.6721395341436148,
            0.6721395341436148,
            0.6721395341436148
        ]
    },
    "bpps": {
        "JPEG": [
            0.18204752604166666,
            0.18204752604166666,
            0.18218994140625,
            0.18878173828125,
            0.20245361328125,
            0.21913655598958334,
            0.23592122395833334,
            0.2544759114583333,
            0.2719319661458333,
            0.2921142578125,
            0.3100992838541667,
            0.32879638671875,
            0.34722900390625,
            0.3663126627604167,
            0.38311767578125,
            0.4014485677083333,
            0.4183553059895833,
            0.4351806640625,
            0.4521891276041667,
            0.4672648111979167
        ],
        "SVD": [
            0.05291748046875,
            0.05291748046875,
            0.05291748046875,
            0.07790120442708333,
            0.11604817708333333,
            0.11604817708333333,
            0.15468343098958334,
            0.15468343098958334,
            0.19000244140625,
            0.22707112630208334,
            0.22707112630208334,
            0.2641805013020833,
            0.3010660807291667,
            0.3010660807291667,
            0.3343505859375,
            0.36859130859375,
            0.36859130859375,
            0.4049275716145833,
            0.43975830078125,
            0.43975830078125,
            0.4749552408854167,
            0.4749552408854167,
            0.5091349283854166,
            0.5442708333333334,
            0.5442708333333334
        ],
        "IMF": [
            0.0538330078125,
            0.0538330078125,
            0.0538330078125,
            0.0538330078125,
            0.0538330078125,
            0.0538330078125,
            0.08072916666666667,
            0.08072916666666667,
            0.08072916666666667,
            0.08072916666666667,
            0.11686197916666667,
            0.11686197916666667,
            0.11686197916666667,
            0.11686197916666667,
            0.13899739583333334,
            0.15846761067708334,
            0.15846761067708334,
            0.17753092447916666,
            0.17753092447916666,
            0.17753092447916666,
            0.20094807942708334,
            0.23065185546875,
            0.23065185546875,
            0.23065185546875,
            0.23065185546875
        ]
    },
    "encode_time": {
        "JPEG": [
            16.669750213623047,
            15.289068222045898,
            18.644094467163086,
            16.91579818725586,
            16.593217849731445,
            26.904821395874023,
            14.320135116577148,
            14.290809631347656,
            14.134883880615234,
            15.101909637451172,
            14.613866806030273,
            15.30599594116211,
            14.360189437866211,
            13.927221298217773,
            13.686895370483398,
            14.715194702148438,
            13.882160186767578,
            13.642072677612305,
            13.860225677490234,
            16.566991806030273
        ],