{
    "psnr_values": {
        "JPEG": [
            19.723072052001953,
            19.723072052001953,
            19.725120544433594,
            19.985107421875,
            20.863727569580078,
            21.941015243530273,
            22.69717788696289,
            23.265396118164062,
            23.727035522460938,
            24.128435134887695,
            24.457700729370117,
            24.775760650634766,
            25.046497344970703,
            25.319435119628906,
            25.546302795410156,
            25.757953643798828,
            25.96051788330078,
            26.135473251342773,
            26.346548080444336,
            26.511526107788086
        ],
        "SVD": [
            16.36948013305664,
            16.36948013305664,
            16.36948013305664,
            17.81092643737793,
            18.519065856933594,
            18.519065856933594,
            19.255216598510742,
            19.255216598510742,
            19.666616439819336,
            20.03648567199707,
            20.03648567199707,
            20.381620407104492,
            20.619829177856445,
            20.619829177856445,
            20.861818313598633,
            21.05083465576172,
            21.05083465576172,
            21.24274253845215,
            21.420475006103516,
            21.420475006103516,
            21.56629180908203,
            21.56629180908203,
            21.70392608642578,
            21.845247268676758,
            21.845247268676758
        ],
        "IMF": [
            19.117778778076172,
            19.117778778076172,
            19.117778778076172,
            19.117778778076172,
            19.117778778076172,
            19.117778778076172,
            19.954984664916992,
            19.954984664916992,
            19.954984664916992,
            19.954984664916992,
            20.780460357666016,
            20.780460357666016,
            20.780460357666016,
            20.780460357666016,
            21.214717864990234,
            21.535985946655273,
            21.535985946655273,
            21.9132022857666,
            21.9132022857666,
            21.9132022857666,
            22.007322311401367,
            22.366512298583984,
            22.366512298583984,
            22.366512298583984,
            22.366512298583984
        ]
    },
    "ssim_values": {
        "JPEG": [
            0.5171165996499847,
            0.5171165996499847,
            0.5174503256979024,
            0.5491531959500008,
            0.6103771546478681,
            0.6561843146992775,
            0.6976791824696051,
            0.7244355290229362,
            0.7432471483792659,
            0.7626315891888904,
            0.7783166201041571,
            0.790151233298472,
            0.7994990574362671,
            0.8083459066639036,
            0.819140221138238,
            0.8261000858716311,
            0.8323837024516377,
            0.8390786543984304,
            0.8438726963033897,
            0.8490245948709108
        ],
        "SVD": [
            0.3615641108650957,
            0.3615641108650957,
            0.3615641108650957,
            0.37695715419490666,
            0.4007901707017987,
            0.4007901707017987,
            0.42940159904978353,
            0.42940159904978353,
            0.46230715302200176,
            0.47263282212869157,
            0.47263282212869157,
            0.4948085131284361,
            0.5129193303539242,
            0.5129193303539242,
            0.5336758773606477,
            0.5502794510125902,
            0.5502794510125902,
            0.5647907659924415,
            0.5809544354685913,
            0.5809544354685913,
            0.5923616457595041,
            0.5923616457595041,
            0.6047588967535432,
            0.6166705046063082,
            0.6166705046063082
        ],
        "IMF": [
            0.4213506736809752,
            0.4213506736809752,
            0.4213506736809752,
            0.4213506736809752,
            0.4213506736809752,
            0.4213506736809752,
            0.495812935380091,
            0.495812935380091,
            0.495812935380091,
            0.495812935380091,
            0.5509814891252919,
            0.5509814891252919,
            0.5509814891252919,
            0.5509814891252919,
            0.5906111961627635,
            0.5981270864137666,
            0.5981270864137666,
            0.6284793810784604,
            0.6284793810784604,
            0.6284793810784604,
            0.6311164356518703,
            0.6566117660020016,
            0.6566117660020016,
            0.6566117660020016,
            0.6566117660020016
        ]
    },
    "bpps": {
        "JPEG": [
            0.18129730224609375,
            0.18129730224609375,
            0.18145751953125,
            0.19651285807291666,
            0.2277196248372396,
            0.26141611735026044,
            0.2956390380859375,
            0.3288930257161458,
            0.3602803548177083,
            0.39078013102213544,
            0.41959381103515625,
            0.4474945068359375,
            0.4739837646484375,
            0.5010503133138021,
            0.5243911743164062,
            0.5487035115559896,
            0.5722096761067709,
            0.5948104858398438,
            0.6173451741536459,
            0.6372934977213541
        ],
        "SVD": [
            0.029490152994791668,
            0.029490152994791668,
            0.029490152994791668,
            0.050290425618489586,
            0.063568115234375,
            0.063568115234375,
            0.08632659912109375,
            0.08632659912109375,
            0.10819498697916667,
            0.12757110595703125,
            0.12757110595703125,
            0.14852142333984375,
            0.17003377278645834,
            0.17003377278645834,
            0.1914545694986979,
            0.21163177490234375,
            0.21163177490234375,
            0.2324371337890625,
            0.2530873616536458,
            0.2530873616536458,
            0.2736409505208333,
            0.2736409505208333,
            0.2944386800130208,
            0.3154500325520833,
            0.3154500325520833
        ],
        "IMF": [
            0.044565836588541664,
            0.044565836588541664,
            0.044565836588541664,
            0.044565836588541664,
            0.044565836588541664,
            0.044565836588541664,
            0.07823435465494792,
            0.07823435465494792,
            0.07823435465494792,
            0.07823435465494792,
            0.10980733235677083,
            0.10980733235677083,
            0.10980733235677083,
            0.10980733235677083,
            0.14258575439453125,
            0.16077677408854166,
            0.16077677408854166,
            0.191802978515625,
            0.191802978515625,
            0.191802978515625,
            0.20490264892578125,
            0.23706563313802084,
            0.23706563313802084,
            0.23706563313802084,
            0.23706563313802084
        ]
    },
    "encode_time": {
        "JPEG": [
            113.26289176940918,
            190.79303741455078,
            149.43718910217285,
            115.25511741638184,
            116.28580093383789,
            117.11382865905762,
            120.85199356079102,
            134.3059539794922,
            137.30096817016602,
            120.99814414978027,
            131.666898727417,
            121.52910232543945,
            127.20584869384766,
            123.58570098876953,
            127.19893455505371,
            122.82586097717285,
            123.72088432312012,
            119.3091869354248,
            153.71108055114746,
            139.00208473205566
        ],