{
    "psnr_values": {
        "JPEG": [
            22.78358268737793,
            22.78358268737793,
            22.785242080688477,
            22.99547004699707,
            24.285690307617188,
            25.380212783813477,
            26.13987922668457,
            27.096832275390625,
            27.468984603881836,
            27.717702865600586,
            28.272327423095703,
            28.698041915893555,
            29.075319290161133,
            29.246618270874023,
            29.446937561035156,
            29.778305053710938,
            29.95940399169922,
            30.105783462524414,
            30.309860229492188,
            30.506568908691406,
            30.646018981933594,
            30.858482360839844,
            30.993011474609375,
            31.124237060546875,
            31.22955322265625,
            31.375015258789062,
            31.485469818115234,
            31.646507263183594,
            31.758438110351562,
            31.846881866455078,
            31.959915161132812,
            32.057464599609375,
            32.15259552001953,
            32.26481628417969,
            32.345550537109375,
            32.46933364868164,
            32.569000244140625,
            32.627010345458984,
            32.6988525390625,
            32.787418365478516
        ],
        "SVD": [
            19.956485748291016,
            21.07717514038086,
            23.165056228637695,
            24.23872947692871,
            25.0607852935791,
            25.588825225830078,
            26.093017578125,
            26.505695343017578,
            26.85732650756836,
            27.178924560546875,
            27.468318939208984,
            27.73665428161621,
            28.002012252807617,
            28.248693466186523,
            28.484018325805664,
            28.704586029052734,
            28.916473388671875,
            29.123626708984375,
            29.31696891784668,
            29.50688362121582
        ],
        "IMF": [
            22.36251449584961,
            22.36251449584961,
            23.498754501342773,
            24.449691772460938,
            24.449691772460938,
            25.70040512084961,
            26.199752807617188,
            26.94295883178711,
            27.386474609375,
            27.724096298217773,
            27.813331604003906,
            28.195232391357422,
            28.475950241088867,
            28.87401580810547,
            29.154590606689453,
            29.469097137451172,
            29.469097137451172,
            29.72531509399414,
            29.937244415283203,
            30.214210510253906
        ]
    },
    "ssim_values": {
        "JPEG": [
            0.6991975651260255,
            0.6991975651260255,
            0.6992250311134193,
            0.7076367190984801,
            0.7302475840156859,
            0.7526384210525904,
            0.7656916224821142,
            0.7808916655009449,
            0.7951074167503119,
            0.8050554530448449,
            0.8127828217886508,
            0.820514004998914,
            0.8295068897960993,
            0.8361652438337323,
            0.8402926631199065,
            0.8467373896081748,
            0.8519038961243561,
            0.8558151087494378,
            0.858918255697812,
            0.8626540019045432,
            0.8664956325661167,
            0.8692970020221344,
            0.8719415272057723,
            0.8747041579168643,
            0.8774324032384806,
            0.8797654578888818,
            0.8817422134206061,
            0.8845546756184116,
            0.8868919037150524,
            0.8885429120865003,
            0.8900428205528567,
            0.8910985322656924,
            0.892904777358102,
            0.8948553678900626,
            0.8958810550471776,
            0.8975818106374684,
            0.8989693578864729,
            0.8998192762842095,
            0.9011412737836114,
            0.9023730261395534
        ],
        "SVD": [
            0.6428156097359271,
            0.6110185865415133,
            0.6741558919404897,
            0.707586557248889,
            0.7334742394197526,
            0.7476107321705717,
            0.7616768309192851,
            0.7718472684523352,
            0.7809718087970373,
            0.7884939524345279,
            0.7971979820669081,
            0.8025951856327213,
            0.8053902841891433,
            0.8113915327262952,
            0.8165643074250181,
            0.8214778579677775,
            0.8262640661550312,
            0.8305831661702578,
            0.8349471108217718,
            0.8392820803295505
        ],
        "IMF": [
            0.6714080729025063,
            0.6714080729025063,
            0.7116261278308841,
            0.7327794073911845,
            0.7327794073911845,
            0.7503310714128674,
            0.76187759369568,
            0.7749331929658977,
            0.78624162514646,
            0.7932781950165246,
            0.7947368273868033,
            0.8085893600033023,
            0.8149601788744393,
            0.8213593439487764,
            0.8263176174724016,
            0.837867569391827,
            0.837867569391827,
            0.8423211569574974,
            0.8459436684486853,
            0.8512426718373516
        ]
    },
    "bpps": {
        "JPEG": [
            0.16398111979166666,
            0.16398111979166666,
            0.16400146484375,
            0.16971842447916666,
            0.18182373046875,
            0.1947021484375,
            0.20743815104166666,
            0.22005208333333334,
            0.23213704427083334,
            0.24534098307291666,
            0.2578125,
            0.26983642578125,
            0.2820638020833333,
            0.2954915364583333,
            0.3067220052083333,
            0.3180948893229167,
            0.32940673828125,
            0.3413492838541667,
            0.3525390625,
            0.36138916015625,
            0.37176513671875,
            0.3834025065104167,
            0.39288330078125,
            0.4026285807291667,
            0.4123128255208333,
            0.4217529296875,
            0.4313557942708333,
            0.4411824544270833,
            0.4514973958333333,
            0.4589029947916667,
            0.4676310221354167,
            0.47564697265625,
            0.4845784505208333,
            0.4936726888020833,
            0.4997355143229167,
            0.51019287109375,
            0.5196533203125,
            0.5248819986979166,
            0.5346476236979166,
            0.54254150390625
        ],
        "SVD": [
            0.045450846354166664,
            0.07014973958333333,
            0.12327067057291667,
            0.17527262369791666,
            0.23274739583333334,
            0.2887369791666667,
            0.3440755208333333,
            0.39910888671875,
            0.45294189453125,
            0.5069173177083334,
            0.560302734375,
            0.61407470703125,
            0.6684366861979166,
            0.7224527994791666,
            0.777099609375,
            0.83013916015625,
            0.8819783528645834,
            0.93328857421875,
            0.9853108723958334,
            1.0372111002604167
        ],
        "IMF": [
            0.043009440104166664,
            0.043009440104166664,
            0.06705729166666667,
            0.08748372395833333,
            0.08748372395833333,
            0.12440999348958333,
            0.14418538411458334,
            0.18971761067708334,
            0.2169189453125,
            0.23484293619791666,
            0.24485270182291666,
            0.2676798502604167,
            0.28973388671875,
            0.3358561197916667,
            0.3723958333333333,
            0.3898111979166667,
            0.3898111979166667,
            0.4342041015625,
            0.45001220703125,
            0.48870849609375
        ]
    },