{
    "psnr_values": {
        "JPEG": [
            22.766983032226562,
            22.766983032226562,
            22.76792335510254,
            22.971773147583008,
            24.2252254486084,
            25.146352767944336,
            26.162565231323242,
            26.86983299255371,
            27.272258758544922,
            27.759599685668945,
            28.143985748291016,
            28.487749099731445,
            28.723644256591797,
            28.966049194335938,
            29.192581176757812,
            29.34309959411621,
            29.53448486328125,
            29.662490844726562,
            29.814777374267578,
            29.926292419433594
        ],
        "SVD": [
            19.095233917236328,
            19.095233917236328,
            19.095233917236328,
            22.00351333618164,
            23.585803985595703,
            23.585803985595703,
            25.315784454345703,
            25.315784454345703,
            25.966381072998047,
            26.549365997314453,
            26.549365997314453,
            26.99646759033203,
            27.312755584716797,
            27.312755584716797,
            27.604259490966797,
            27.896669387817383,
            27.896669387817383,
            28.180301666259766,
            28.472890853881836,
            28.472890853881836,
            28.6995906829834,
            28.6995906829834,
            28.91672134399414,
            29.086990356445312,
            29.086990356445312
        ],
        "IMF": [
            23.857234954833984,
            23.857234954833984,
            23.857234954833984,
            23.857234954833984,
            23.857234954833984,
            23.857234954833984,
            24.99698257446289,
            24.99698257446289,
            24.99698257446289,
            24.99698257446289,
            26.099369049072266,
            26.099369049072266,
            26.099369049072266,
            26.099369049072266,
            26.69034194946289,
            27.905664443969727,
            27.905664443969727,
            28.30181121826172,
            28.30181121826172,
            28.30181121826172,
            28.599149703979492,
            28.91941261291504,
            28.91941261291504,
            28.91941261291504,
            28.91941261291504
        ]
    },
    "ssim_values": {
        "JPEG": [
            0.4700567960787326,
            0.4700567960787326,
            0.4700908820622057,
            0.48860180658548885,
            0.536036494310545,
            0.571323318376555,
            0.5942401247076062,
            0.6160856313671733,
            0.6354625433818112,
            0.6501165262305305,
            0.6611355132231416,
            0.6734780275714529,
            0.6821991190940718,
            0.6907558531395693,
            0.6980997278661771,
            0.7058467254967328,
            0.7123045692224498,
            0.7170551664334438,
            0.7228525038960143,
            0.7269779529935909
        ],
        "SVD": [
            0.4330390970670004,
            0.4330390970670004,
            0.4330390970670004,
            0.4590975641055947,
            0.5255112812667937,
            0.5255112812667937,
            0.5643124622158645,
            0.5643124622158645,
            0.6033618319519265,
            0.6220564442983862,
            0.6220564442983862,
            0.6368592364813503,
            0.6530559919510961,
            0.6530559919510961,
            0.6652211902244057,
            0.6763879724692993,
            0.6763879724692993,
            0.6790474166264865,
            0.6888955952353256,
            0.6888955952353256,
            0.6946266543506576,
            0.6946266543506576,
            0.7014356108397263,
            0.7081357318871699,
            0.7081357318871699
        ],
        "IMF": [
            0.4868974625598808,
            0.4868974625598808,
            0.4868974625598808,
            0.4868974625598808,
            0.4868974625598808,
            0.4868974625598808,
            0.562744841551961,
            0.562744841551961,
            0.562744841551961,
            0.562744841551961,
            0.601422713778739,
            0.601422713778739,
            0.601422713778739,
            0.601422713778739,
            0.6324916369182575,
            0.6527170396386305,
            0.6527170396386305,
            0.6729568011791089,
            0.6729568011791089,
            0.6729568011791089,
            0.6781322233148369,
            0.6918011411339465,
            0.6918011411339465,
            0.6918011411339465,
            0.6918011411339465
        ]
    },
    "bpps": {
        "JPEG": [
            0.14938759157509157,
            0.14938759157509157,
            0.1494162087912088,
            0.15457589285714285,
            0.16495821886446888,
            0.1767485119047619,
            0.18886217948717948,
            0.20129063644688644,
            0.21403102106227107,
            0.22618475274725275,
            0.23893944597069597,
            0.25184581043956045,
            0.26306089743589745,
            0.27679429945054945,
            0.28762305402930405,
            0.30007154304029304,
            0.3127403846153846,
            0.3255322802197802,
            0.3375343406593407,
            0.3491386217948718
        ],
        "SVD": [
            0.03280391483516484,
            0.03280391483516484,
            0.03280391483516484,
            0.055809294871794875,
            0.08033711080586081,
            0.08033711080586081,
            0.10352850274725275,
            0.10352850274725275,
            0.1279933608058608,
            0.15171417124542125,
            0.15171417124542125,
            0.17071886446886447,
            0.19351820054945054,
            0.19351820054945054,
            0.21611721611721613,
            0.2383213141025641,
            0.2383213141025641,
            0.25901156135531134,
            0.28090086996336994,
            0.28090086996336994,
            0.30207474816849816,
            0.30207474816849816,
            0.32292811355311357,
            0.34138621794871793,
            0.34138621794871793
        ],
        "IMF": [
            0.0552970467032967,
            0.0552970467032967,
            0.0552970467032967,
            0.0552970467032967,
            0.0552970467032967,
            0.0552970467032967,
            0.09612236721611722,
            0.09612236721611722,
            0.09612236721611722,
            0.09612236721611722,
            0.12783882783882783,
            0.12783882783882783,
            0.12783882783882783,
            0.12783882783882783,
            0.1730025183150183,
            0.1963455815018315,
            0.1963455815018315,
            0.2331702152014652,
            0.2331702152014652,
            0.2331702152014652,
            0.25185153388278386,
            0.28784913003663004,
            0.28784913003663004,
            0.28784913003663004,
            0.28784913003663004
        ]
    },
    "encode_time": {
        "JPEG": [
            91.8569564819336,
            113.0208969116211,
            111.7091178894043,
            104.09903526306152,
            107.83100128173828,
            123.43215942382812,
            110.39280891418457,
            110.69107055664062,
            110.87512969970703,
            109.96079444885254,
            113.32011222839355,
            112.61725425720215,
            112.64896392822266,
            114.18509483337402,
            112.55192756652832,
            109.27391052246094,
            113.71016502380371,
            113.01207542419434,
            109.61294174194336,
            113.04306983947754
        ],